{"IcoMoonType":"selection","icons":[{"icon":{"paths":["M960 0h-896c-35.376 0-64 28.624-64 64v896c0 35.376 28.624 64 64 64h896c35.376 0 64-28.624 64-64v-896c0-35.376-28.624-64-64-64zM384 512c0 0 10.124-128 128-128s128 128 128 128 3.688 128-128 128-128-128-128-128zM896 896h-768v-448h137.062c-5.312 20.562-9.062 41.75-9.062 64 0 141.376 114.624 256 256 256s256-114.624 256-256c0-22.25-3.75-43.438-9.062-64h137.062v448zM896 320h-192v-192h192v192z"],"attrs":[{}],"isMulticolor":false,"isMulticolor2":false,"tags":["instagram","social"],"grid":16},"attrs":[{}],"properties":{"order":19,"id":0,"prevSize":16,"code":59648,"name":"instagram"},"setIdx":1,"setId":2,"iconIdx":0},{"icon":{"paths":["M704 640c-64 64-64 128-128 128s-128-64-192-128-128-128-128-192 64-64 128-128-128-256-192-256-192 192-192 192c0 128 131.5 387.5 256 512s384 256 512 256c0 0 192-128 192-192s-192-256-256-192z"],"tags":["phone","telephone","contact","support","call"],"defaultCode":59714,"grid":16,"attrs":[]},"attrs":[],"properties":{"ligatures":"phone, telephone","name":"phone","order":22,"id":67,"prevSize":16,"code":59714},"setIdx":2,"setId":1,"iconIdx":66},{"icon":{"paths":["M512 0c-176.732 0-320 143.268-320 320 0 320 320 704 320 704s320-384 320-704c0-176.732-143.27-320-320-320zM512 512c-106.040 0-192-85.96-192-192s85.96-192 192-192 192 85.96 192 192-85.96 192-192 192z"],"tags":["location","map-marker","pin"],"defaultCode":59719,"grid":16,"attrs":[]},"attrs":[],"properties":{"ligatures":"location, map-marker","name":"location","order":17,"id":72,"prevSize":16,"code":59719},"setIdx":2,"setId":1,"iconIdx":71},{"icon":{"paths":["M608 192h160v-192h-160c-123.514 0-224 100.486-224 224v96h-128v192h128v512h192v-512h160l32-192h-192v-96c0-17.346 14.654-32 32-32z"],"tags":["facebook","brand","social"],"defaultCode":60048,"grid":16,"attrs":[]},"attrs":[],"properties":{"ligatures":"facebook, brand10","name":"facebook","order":18,"id":401,"prevSize":16,"code":60048},"setIdx":2,"setId":1,"iconIdx":400},{"icon":{"paths":["M1024 226.4c-37.6 16.8-78.2 28-120.6 33 43.4-26 76.6-67.2 92.4-116.2-40.6 24-85.6 41.6-133.4 51-38.4-40.8-93-66.2-153.4-66.2-116 0-210 94-210 210 0 16.4 1.8 32.4 5.4 47.8-174.6-8.8-329.4-92.4-433-219.6-18 31-28.4 67.2-28.4 105.6 0 72.8 37 137.2 93.4 174.8-34.4-1-66.8-10.6-95.2-26.2 0 0.8 0 1.8 0 2.6 0 101.8 72.4 186.8 168.6 206-17.6 4.8-36.2 7.4-55.4 7.4-13.6 0-26.6-1.4-39.6-3.8 26.8 83.4 104.4 144.2 196.2 146-72 56.4-162.4 90-261 90-17 0-33.6-1-50.2-3 93.2 59.8 203.6 94.4 322.2 94.4 386.4 0 597.8-320.2 597.8-597.8 0-9.2-0.2-18.2-0.6-27.2 41-29.4 76.6-66.4 104.8-108.6z"],"tags":["twitter","brand","tweet","social"],"defaultCode":60054,"grid":16,"attrs":[]},"attrs":[],"properties":{"ligatures":"twitter, brand16","name":"twitter","order":20,"id":407,"prevSize":16,"code":60054},"setIdx":2,"setId":1,"iconIdx":406}],"height":1024,"metadata":{"name":"icomoon"},"preferences":{"showGlyphs":true,"showQuickUse":true,"showQuickUse2":true,"showSVGs":true,"fontPref":{"prefix":"icon-","metadata":{"fontFamily":"icomoon","majorVersion":1,"minorVersion":0},"metrics":{"emSize":1024,"baseline":6.25,"whitespace":50},"embed":false},"imagePref":{"prefix":"icon-","png":true,"useClassSelector":true,"color":0,"bgColor":16777215,"classSelector":".icon","name":"icomoon","autoHost":true},"historySize":50,"showCodes":true,"gridSize":16,"quickUsageToken":{"UntitledProject":"ZjZlMWJmYTY5NGNlYWE5MTlhNjE3MDlhYjk4MzU3MDQjMSMxNTYwMjM0OTcyIyMj"},"showLiga":false}}